{"weights_input_hidden": [[-0.8209587986202012, 6.992828641700855, -3.4784654384999723, 5.56521460109105], [-1.6075260906625808, -3.377085963831405, 7.331313883433871, 5.560791798787954]], "weights_hidden_output": [[-3.865267722239355], [-9.264646936979025], [-9.888904213665969], [14.924663313040712]]}